111111111,0001100,00001001,1000010
111111111,10000110,0100101
00000001,0100100,0100111,0100110,0100001,0100000,0100011,10101,0100010
111111111,0101100,01000111,00111111,0101111,10100,00111111,0101110
00000001,0101001,0101000
111111111,100000,0101011,0101010,10101,11110101,11110100
111111111,00000011,11110110,00001001,00100111,111011101,11110000
111111111,00000111,100000,00001001,011001,00000111,10101,11110011
00000111,00001111,11110010,11111101,00001111,00001001,01000111,011010,1101101,11111100,00001111,00011001,11111111,00000001
110010,00001001,11111110,1101100,1101111,10100,11111001,11111000,11111011,00011001,11111010,11100101,01000111,00001001,00000001
1101100,1101111,00000111,011010,11100100,11100111,00000111,00001111,11100001,00001111,11100000,11100011,1101110,10100,11100010,00000001
00111111,1101000,110010,11101101,01000111,11101100,00110011,11101110,10100,00011001,1101011,00001111,00001111,11101001,11101000,00000001
11101011,1101010,00000111,11101010,0010101,110010,0010100,0010111,1101010,00000111,0010110,110010
0010001,0010000,00011001,1101011,00000011,00001001,00111111,1101000,10100,00001111,00001111,01000111,0010011,1101101,0010010,00000001
00100111,0011101,10100,0011100,01000111,0011111,0011110,10101,0011001,0011000,0011011,0011010,0000101,00001111,000100,00000001
0000100,000111,0000111,00000111,00001111,0000110,0000001,10101,0000000,00000111,00001111,000100,00001001,000111,1101110,00000111,00000001
0000011,01000111,0000010,0001101
